employee_id,name,age,department,salary,experience_year
1,Rriocard Thome,55,Human Resources,8237314,7
2,Kimmie Duckerin,49,Accounting,9603747,6
3,Gene Grosvener,34,Product Management,5843556,8
4,Nolana Banghe,69,Legal,6124716,22
5,Alfonse Kirlin,91,Services,4560722,20
6,Maddalena Rootes,57,Engineering,5310001,14
7,Trumann Dudek,84,Services,9047424,22
8,Stormy Hanrott,56,Engineering,2219401,5
9,Pearle Sissot,72,Sales,4750582,19
10,Jared Allingham,77,Research and Development,6973249,22
11,Maryrose Seson,72,Research and Development,5156157,12
12,Josi Devanney,26,Marketing,5527394,17
13,Selie Reynard,76,Training,3307598,10
14,Shaughn Conboy,6,Services,6148163,1
15,Jsandye Tertre,5,Human Resources,3089227,16
16,Wylie Bedborough,1,Human Resources,4686832,15
17,Pattie Iwaszkiewicz,96,Services,6549406,14
18,Bryce Petrashkov,62,Sales,9589373,5
19,Pru Franzolini,95,Services,5499762,11
20,Cyndie Wagstaffe,8,Legal,5126296,13
21,Abraham Billing,36,Research and Development,9420212,14
22,Trevar Horry,3,Sales,3647215,14
23,Andriette Cowland,27,Business Development,9923759,9
24,Claybourne Warin,9,Marketing,2259309,10
25,Fawnia Dalwood,81,Support,206601,11
26,Sadie Blakeman,23,Services,3092836,25
27,Timofei McBoyle,56,Research and Development,4517207,23
28,Ki Nyland,66,Training,7288819,15
29,Tyne Carslaw,28,Research and Development,9586978,17
30,Gill Trevers,27,Business Development,9536161,1
31,Izzy Janc,65,Services,2670450,3
32,Charil Roarty,100,Product Management,5575725,8
33,Tobit Schoffel,13,Support,8758055,16
34,Maynord Pennells,20,Business Development,6331909,14
35,Ambrosius Simonnin,37,Business Development,3620851,25
36,Virgie Nolli,30,Training,450290,3
37,Sheffield Sapena,61,Human Resources,188848,16
38,Kata Josephs,75,Services,3859993,19
39,Dari Elliot,18,Accounting,9775740,19
40,Yorgos Heiner,66,Engineering,2972515,11
41,Cass Ralston,74,Product Management,7288200,4
42,Gunther Hollyard,84,Human Resources,4550910,16
43,Chiarra Flaubert,23,Services,2694193,18
44,Riccardo Harrop,42,Sales,1407432,25
45,Olav Fergusson,46,Training,8918579,19
46,Emmeline Todeo,7,Services,7621458,14
47,Dill Wallhead,93,Business Development,1446537,17
48,Karrah Kirvell,84,Legal,2745015,23
49,Demetri O'Farrell,38,Engineering,363658,20
50,Gordan Wivell,14,Product Management,8431279,22
51,Kathy Karppi,76,Human Resources,148252,17
52,Kendricks Sillett,80,Support,1054823,12
53,Carena Woofenden,70,Sales,8820438,5
54,Maureen Andrzej,72,Services,1326053,25
55,Juli Burry,71,Business Development,1508322,6
56,Deirdre Lovell,38,Marketing,7403010,11
57,Ali Huard,96,Legal,5439527,19
58,Lorrie Rickeard,72,Services,458635,15
59,Lillis Trenam,67,Marketing,5011364,16
60,Filippo Bernardini,11,Marketing,576120,19
61,Slade Chapelle,81,Business Development,738137,17
62,Putnem D'Adamo,54,Human Resources,5745354,25
63,Archie Dumbar,79,Legal,8600571,3
64,Shelden Bagnall,79,Marketing,3696183,17
65,Raddy Le Sarr,31,Accounting,4039955,8
66,Domeniga Shenton,91,Product Management,3319896,12
67,Reynard Schwand,32,Product Management,2741617,4
68,Glyn Dunster,55,Marketing,810851,25
69,Britt Powlett,95,Engineering,2332096,16
70,Kelsey Shrubshall,37,Human Resources,1146896,6
71,Afton Esh,76,Business Development,1786404,8
72,Rube Yeiles,36,Product Management,4612313,5
73,Clemente Wild,48,Sales,561555,18
74,Mirabella Dymond,56,Product Management,2358548,5
75,Trumaine Hew,41,Legal,7599323,2
76,Chico Peaden,66,Legal,3866041,9
77,Smitty Iggalden,10,Marketing,7613487,17
78,Verine Mountjoy,21,Business Development,6211360,7
79,Frederica Crawford,84,Legal,1415577,25
80,Jacquelynn O'Hare,26,Accounting,2456306,5
81,Corly Stiffell,41,Product Management,2349419,15
82,Kori Jentle,44,Business Development,8949498,20
83,Muire Richold,77,Legal,6969017,2
84,Antoinette Brasier,82,Engineering,6955696,8
85,Jarret Ofener,62,Services,3083023,14
86,Jacquette Driver,38,Services,1093018,8
87,Giorgia Pacheco,25,Support,6006965,4
88,Eunice Wraight,80,Accounting,3273569,15
89,Melli Cuell,80,Legal,3078484,7
90,Lorette Ashworth,28,Marketing,2202037,7
91,Lorrin Knappett,43,Product Management,3147471,14
92,Dorelle Beton,86,Marketing,1901393,2
93,Phillipe Pierucci,17,Marketing,8021773,13
94,Mac Dunn,73,Training,4080383,16
95,Connie Takle,46,Human Resources,8107971,3
96,Donal Drinkale,43,Services,1911444,11
97,Willdon Tolwood,93,Legal,6536640,22
98,Freddie Woofinden,59,Support,1808768,16
99,Rosalyn Huetson,76,Engineering,5053264,20
100,Jayson Senescall,33,Accounting,7640615,7
